{"weights": [[0.0, 1.451746719790151], [0.0, 1.525929725380553], [0.0, 1.5819883875122616], [0.0, 1.5909095378610554], [0.0, 1.5917856203849314], [0.0, 1.5968916091160557], [0.0, 1.6002169097546375], [0.0, 1.6001153973656275], [0.0, 1.6000432824955946], [0.0, 1.6000146779993272], [0.0, 1.6000058947098617], [0.0, 1.599995994450452], [0.0, 1.599995994450452]], "waypts": [[[0.09999999891371322, 0.10000000116823182], [0.12372430537760934, 0.2855781916882524], [0.3046115608202414, 0.4015406701178819], [0.3986437069516205, 0.5527953878438062], [0.7163055622030421, 0.14027385621360333], [0.62280001984044, 0.27246317212848553], [0.5471966490051614, -0.3529298420725657], [0.3046115608919441, -0.4015406701477524], [0.12372431008868359, -0.2855782031704298], [0.09999999891371322, -0.10000000116823182]], [[0.09999999891371322, 0.10000000116823182], [0.08472516148686629, 0.3215547712682972], [0.20301071482614721, 0.5015677449070282], [0.40933315102877416, 0.5428281310917884], [0.5812866255339211, 0.44369336909239476], [0.62280001984044, 0.27246317212848553], [0.5435271767810854, 0.0689602098382261], [0.33835306028611395, -0.043687140109935296], [0.171056397365394, -0.0797886350455513], [0.09999999891371322, -0.10000000116823182]], [[0.09999999891371322, 0.10000000116823182], [0.08278426788795365, 0.32344046163499907], [0.20301071482614721, 0.5015677449070282], [0.4016750123051221, 0.5502840825091604], [0.5716721876409774, 0.4549074580689295], [0.626257592681909, 0.26702540449050216], [0.5303595081601039, 0.0903742078178634], [0.33835306028611395, -0.043687140109935296], [0.1711822344420246, -0.07771265527300016], [0.09999999891371322, -0.10000000116823182]], [[0.09999999891371322, 0.10000000116823182], [0.08224774644881663, 0.3237741012716836], [0.20301071482614721, 0.5015677449070282], [0.3992926294292371, 0.5522136909851845], [0.5688415437277305, 0.4581410077648774], [0.6236305026881364, 0.27129862989063347], [0.5311502072036797, 0.08912329239804986], [0.33835306028611395, -0.043687140109935296], [0.16987479166992783, -0.07268589546227988], [0.09999999891371322, -0.10000000116823182]], [[0.09999999891371322, 0.10000000116823182], [0.08216891433630977, 0.32383886952978785], [0.20320850555511727, 0.5014085136082473], [0.3986437069516205, 0.5527953878438062], [0.568436192180358, 0.45859689698554695], [0.623218230644598, 0.27188875163731774], [0.5303595081601039, 0.0903742078178634], [0.33888100535783366, -0.044220188959398776], [0.16963582018602982, -0.07193558386555574], [0.09999999891371322, -0.10000000116823182]], [[0.09999999891371322, 0.10000000116823182], [0.08216118466877173, 0.32384542554106555], [0.20318876968924895, 0.5014238137893012], [0.3989317606075578, 0.552532785698237], [0.5683965849079805, 0.458641342998521], [0.6231774637480699, 0.2719461131827812], [0.530727540071701, 0.08981679140433532], [0.33883057291583496, -0.04416620778129282], [0.1693839196573221, -0.07119028803863985], [0.09999999891371322, -0.10000000116823182]], [[0.09999999891371322, 0.10000000116823182], [0.08211744463836837, 0.3238852256385628], [0.20307913342353884, 0.5015140320686291], [0.39875451572313575, 0.5526958293096261], [0.5681744403604551, 0.45888981242937876], [0.6229426140121497, 0.27226456968612656], [0.5304960153502025, 0.09016075962147196], [0.33835306028611395, -0.043687140109935296], [0.1693839196573221, -0.07119028803863985], [0.09999999891371322, -0.10000000116823182]], [[0.09999999891371322, 0.10000000116823182], [0.08208853458677204, 0.3239099749192957], [0.2030054897657298, 0.5015715401573407], [0.3986352218933273, 0.5528027349396384], [0.5680263902942534, 0.4590556193733129], [0.6227896108859852, 0.27247833667797927], [0.5303500475408722, 0.090390379388463], [0.33835306028611395, -0.043687140109935296], [0.16937798374190946, -0.07117252174531925], [0.09999999891371322, -0.10000000116823182]], [[0.09999999891371322, 0.10000000116823182], [0.0820905422677892, 0.32390840255587106], [0.2030082617096785, 0.501569832053857], [0.39863974558432913, 0.5527990910043385], [0.5680317832625873, 0.45904952551330014], [0.62280001984044, 0.27246317212848553], [0.5303541004907278, 0.09038192358936276], [0.33834606082576296, -0.04368062760796532], [0.1693839196573221, -0.07119028803863985], [0.09999999891371322, -0.10000000116823182]], [[0.09999999891371322, 0.10000000116823182], [0.08209033905300214, 0.323908880909622], [0.20301071482614721, 0.5015677449070282], [0.3986432847862797, 0.5527962965957421], [0.5680359718976669, 0.45904478429499285], [0.6227984880849068, 0.27246400198209453], [0.5303595081601039, 0.0903742078178634], [0.3383497165573962, -0.043685253245601574], [0.1693839196573221, -0.07119028803863985], [0.09999999891371322, -0.10000000116823182]], [[0.09999999891371322, 0.10000000116823182], [0.08209048904205726, 0.32390857777589716], [0.20301067737914413, 0.5015680262045799], [0.3986436646851315, 0.552795651685503], [0.5680366084276403, 0.4590441135835025], [0.62280001984044, 0.27246317212848553], [0.5303586363232341, 0.090374426353377], [0.33835185287663266, -0.04368655454888487], [0.1693839196573221, -0.07119028803863985], [0.09999999891371322, -0.10000000116823182]], [[0.09999999891371322, 0.10000000116823182], [0.08209018644543484, 0.323908223737555], [0.2030094425052871, 0.5015677985353606], [0.3986415772812437, 0.5527964533886358], [0.5680345966515765, 0.45904651297309607], [0.62280001984044, 0.27246317212848553], [0.5303599591476766, 0.09037779411351285], [0.33835306028611395, -0.043687140109935296], [0.1693840135825865, -0.07118965189436662], [0.09999999891371322, -0.10000000116823182]], [[0.09999999891371322, 0.10000000116823182], [0.08209038764584428, 0.323908209666303], [0.20301007475659832, 0.5015676123600075], [0.3986437069516205, 0.5527953878438062], [0.5680357463221861, 0.45904518790327664], [0.6227996885833327, 0.27246503363460917], [0.5303602398295976, 0.09037594754335415], [0.33835424290100796, -0.043686809714832076], [0.16938425736095894, -0.07119065419323435], [0.09999999891371322, -0.10000000116823182]], [[0.09999999891371322, 0.10000000116823182], [0.08209038764584428, 0.323908209666303], [0.20301007475659832, 0.5015676123600075], [0.39864262393122707, 0.552795791305212], [0.5680357463221861, 0.45904518790327664], [0.6227996885833327, 0.27246503363460917], [0.5303602398295976, 0.09037594754335415], [0.33835424290100796, -0.043686809714832076], [0.16938425736095894, -0.07119065419323435], [0.09999999891371322, -0.10000000116823182]]]}