{"weights": [[0.0, 1.6964489512393097], [0.0, 1.522205841937836], [0.0, 1.522205841937836], [0.0, 1.530380757649806], [0.0, 1.530380757649806], [0.0, 1.5376467492498656], [0.0, 1.583917396296497], [0.0, 1.5917466058202234], [0.0, 1.5968773651855936], [0.0, 1.5968773651855936], [0.0, 1.598800378716843], [0.0, 1.598800378716843], [0.0, 1.6000620738248954], [0.0, 1.6000233300651636], [0.0, 1.6000204523493022], [0.0, 1.6000204523493022], [0.0, 1.6000073369042243], [0.0, 1.600003384149069]], "waypts": [[[0.09999999891371322, 0.10000000116823182], [0.12372430537760934, 0.2855781916882524], [0.20301071482614721, 0.5015677449070282], [0.5471966489994499, 0.3529298420749152], [0.7163055622030421, 0.14027385621360333], [0.7163055622030463, -0.1402738562136079], [0.5471966490051614, -0.3529298420725657], [0.3046115608919441, -0.4015406701477524], [0.1693839196573221, -0.07119028803863985], [0.09999999891371322, -0.10000000116823182]], [[0.09999999891371322, 0.10000000116823182], [0.0820905422677892, 0.32390840255587106], [0.2042997352186228, 0.5057342872681647], [0.40107966508793147, 0.5551830829895457], [0.5684702150958878, 0.457722104457009], [0.6170818291628593, 0.2686536027859367], [0.5162603773135548, 0.08852505335651259], [0.31711759518689575, -0.03166128460758927], [0.1693839196573221, -0.07119028803863985], [0.09999999891371322, -0.10000000116823182]], [[0.09999999891371322, 0.10000000116823182], [0.08282129767765659, 0.32341870712237664], [0.20301071482614721, 0.5015677449070282], [0.3986437069516205, 0.5527953878438062], [0.5718679275703134, 0.4546819642752481], [0.6264358083825614, 0.2667263843983955], [0.5333745032972167, 0.08431752738399562], [0.34252285962581164, -0.050278657081916506], [0.1712651602915389, -0.07805066049498514], [0.09999999891371322, -0.10000000116823182]], [[0.09999999891371322, 0.10000000116823182], [0.08282129767765659, 0.32341870712237664], [0.20497469406925617, 0.5002942794507328], [0.4018410057777132, 0.5501510603488224], [0.5718679275703134, 0.4546819642752481], [0.6264358083825614, 0.2667263843983955], [0.5303595081601039, 0.0903742078178634], [0.34252285962581164, -0.050278657081916506], [0.1712651602915389, -0.07805066049498514], [0.09999999891371322, -0.10000000116823182]], [[0.09999999891371322, 0.10000000116823182], [0.0820905422677892, 0.32390840255587106], [0.20475333596381629, 0.5004272971400989], [0.4014801995694737, 0.5504413024765382], [0.5714417530127135, 0.4551724916264017], [0.62280001984044, 0.27246317212848553], [0.5330733925290444, 0.08499940587781882], [0.3421074546300121, -0.04949990446696695], [0.17108189384156738, -0.07730922547175345], [0.09999999891371322, -0.10000000116823182]], [[0.09999999891371322, 0.10000000116823182], [0.08274058736337533, 0.32346687323858236], [0.20475333596381629, 0.5004272971400989], [0.3986437069516205, 0.5527953878438062], [0.5714417530127135, 0.4551724916264017], [0.6260460382542263, 0.2673762849077323], [0.5303595081601039, 0.0903742078178634], [0.3421074546300121, -0.04949990446696695], [0.17108189384156738, -0.07730922547175345], [0.09999999891371322, -0.10000000116823182]], [[0.09999999891371322, 0.10000000116823182], [0.0826698706045276, 0.3235101246340611], [0.20301071482614721, 0.5015677449070282], [0.4011654125507479, 0.550695897893271], [0.5710688363344871, 0.4556006783290482], [0.6257023466967373, 0.2679427731624466], [0.5303595081601039, 0.0903742078178634], [0.33835306028611395, -0.043687140109935296], [0.17091662389513265, -0.07665229583466958], [0.09999999891371322, -0.10000000116823182]], [[0.09999999891371322, 0.10000000116823182], [0.08223028615112846, 0.32378735043714135], [0.20336560576641236, 0.5012877253465918], [0.3992182915382768, 0.5522774958373827], [0.5687509647559166, 0.45824321836311677], [0.62280001984044, 0.27246317212848553], [0.5310703403666949, 0.08926506348048902], [0.33835306028611395, -0.043687140109935296], [0.1698246506176783, -0.07252140573765967], [0.09999999891371322, -0.10000000116823182]], [[0.09999999891371322, 0.10000000116823182], [0.0820905422677892, 0.32390840255587106], [0.20319036088152828, 0.5014232656671604], [0.3989343884634375, 0.5525310519956749], [0.5683995077055344, 0.45863797970450104], [0.6231796689501719, 0.27194148669834467], [0.5307284907950663, 0.08981210723054858], [0.3388316539013626, -0.044169410990818225], [0.1693839196573221, -0.07119028803863985], [0.09999999891371322, -0.10000000116823182]], [[0.09999999891371322, 0.10000000116823182], [0.0820905422677892, 0.32390840255587106], [0.20307862280209, 0.5015136690600253], [0.3986437069516205, 0.5527953878438062], [0.5680367833341262, 0.45904394887062305], [0.6229427564682668, 0.2722660562179969], [0.5304974134358817, 0.09016204315479262], [0.33853101463061624, -0.04386534809974607], [0.16946997669482197, -0.07144371907407633], [0.09999999891371322, -0.10000000116823182]], [[0.09999999891371322, 0.10000000116823182], [0.0821173606096138, 0.323884905748564], [0.20301071482614721, 0.5015677449070282], [0.3986437069516205, 0.5527953878438062], [0.5681737149258896, 0.45889071880936216], [0.6229427564682668, 0.2722660562179969], [0.5304974134358817, 0.09016204315479262], [0.33853101463061624, -0.04386534809974607], [0.1693839196573221, -0.07119028803863985], [0.09999999891371322, -0.10000000116823182]], [[0.09999999891371322, 0.10000000116823182], [0.08210112085941171, 0.32390026819117484], [0.20301071482614721, 0.5015677449070282], [0.3986437069516205, 0.5527953878438062], [0.5680916550089101, 0.4589822868189817], [0.622854632752116, 0.2723829274356586], [0.5304086457620099, 0.09028875062534328], [0.3384155171248773, -0.04375523208402987], [0.16941550832868627, -0.07128561759798645], [0.09999999891371322, -0.10000000116823182]], [[0.09999999891371322, 0.10000000116823182], [0.08210112085941171, 0.32390026819117484], [0.20303835982764934, 0.5015479501920943], [0.39868862019172296, 0.5527567501340993], [0.5680916550089101, 0.4589822868189817], [0.622854632752116, 0.2723829274356586], [0.5304086457620099, 0.09028875062534328], [0.33835306028611395, -0.043687140109935296], [0.1693839196573221, -0.07119028803863985], [0.09999999891371322, -0.10000000116823182]], [[0.09999999891371322, 0.10000000116823182], [0.0820899852731318, 0.3239089111545515], [0.20301071482614721, 0.5015677449070282], [0.39864145194362927, 0.5527974636118038], [0.5680339545303338, 0.4590471082572596], [0.6227970236843696, 0.2724672194365138], [0.5303565469585718, 0.09037858043913685], [0.33834927615615346, -0.043683673970074166], [0.1693839196573221, -0.07119028803863985], [0.09999999891371322, -0.10000000116823182]], [[0.09999999891371322, 0.10000000116823182], [0.0820902821985208, 0.32390858260741795], [0.20301071482614721, 0.5015677449070282], [0.39864257550074833, 0.5527963273572007], [0.5680354192564825, 0.4590454862576707], [0.6227987069155307, 0.2724651887248537], [0.5303595081601039, 0.0903742078178634], [0.3383516883690067, -0.04368571238044544], [0.1693832415839223, -0.07118830269171515], [0.09999999891371322, -0.10000000116823182]], [[0.09999999891371322, 0.10000000116823182], [0.0820905422677892, 0.32390840255587106], [0.2030096208721028, 0.5015680705605081], [0.39864189624185414, 0.5527965363443599], [0.5680347927265574, 0.4590462427007592], [0.62280001984044, 0.27246317212848553], [0.5303590113736458, 0.0903774042509426], [0.33835261997449106, -0.043685442267381136], [0.1693835151211943, -0.07118858882612296], [0.09999999891371322, -0.10000000116823182]], [[0.09999999891371322, 0.10000000116823182], [0.08209019360193495, 0.32390842917554047], [0.2030096208721028, 0.5015680705605081], [0.39864189624185414, 0.5527965363443599], [0.5680347927265574, 0.4590462427007592], [0.62280001984044, 0.27246317212848553], [0.5303590113736458, 0.0903774042509426], [0.33835261997449106, -0.043685442267381136], [0.1693839196573221, -0.07119028803863985], [0.09999999891371322, -0.10000000116823182]], [[0.09999999891371322, 0.10000000116823182], [0.08209045654202765, 0.3239084261520701], 