{"weights": [[2.0, 0.0], [0.5811410529472099, 0.0], [1.2043468953266938, 0.0], [0.41151946115534344, 0.0], [1.5290424002236307, 0.0], [0.21242402739450483, 0.0], [0.9729707950964865, 0.0], [0.9739959738879804, 0.0], [0.9816125806497382, 0.0], [0.9871243712779503, 0.0], [0.9908835488958694, 0.0], [0.9935438495235509, 0.0], [0.9957219091090401, 0.0], [0.9971662697754518, 0.0], [0.9978834085750492, 0.0], [0.9979623622257954, 0.0], [0.9990908347088627, 0.0], [0.9993976586088564, 0.0], [0.9998793244709141, 0.0], [0.9999194717415065, 0.0], [0.9999425826314194, 0.0], [0.9999594484631373, 0.0]], "waypts": [[[0.09999999891371322, 0.10000000116823182], [0.2084431642825528, 0.3026900111699298], [0.4705179123695937, 0.3250951039580767], [0.5471966489994499, 0.3529298420749152], [0.7163055622030421, 0.14027385621360333], [0.7163055622030463, -0.1402738562136079], [0.6629695172025547, -0.18788488311124008], [0.3046115608919441, -0.4015406701477524], [0.12372431008868359, -0.2855782031704298], [0.09999999891371322, -0.10000000116823182]], [[0.09999999891371322, 0.10000000116823182], [0.2084431642825528, 0.3026900111699298], [0.5930699628886024, 0.1920130250697137], [0.7061209767331029, 0.06430746281869787], [0.736929897551752, 0.012623192499435453], [0.7369299236005334, -0.012623077796386058], [0.6629695172025547, -0.18788488311124008], [0.5930699632838775, -0.19201302408019888], [0.30717726571437504, -0.2964055318499643], [0.09999999891371322, -0.10000000116823182]], [[0.09999999891371322, 0.10000000116823182], [0.2084431642825528, 0.3026900111699298], [0.4705179123695937, 0.3250951039580767], [0.6366096168746213, 0.23328456100382508], [0.7292169245603979, 0.07873136129317636], [0.7292169156650308, -0.07873138629344768], [0.6366096214094199, -0.23328451628817926], [0.4338857364070778, -0.34266503269606663], [0.18275476693907883, -0.2973675263501646], [0.09999999891371322, -0.10000000116823182]], [[0.09999999891371322, 0.10000000116823182], [0.2452342316127153, 0.3047189881052128], [0.530575125271203, 0.2714628590275706], [0.6629695052642302, 0.1878849078501513], [0.7344983302017034, 0.041254930212544456], [0.7344983243675739, -0.041254761367673407], [0.6821948942368816, -0.142295161905967], [0.4705179124131445, -0.3250951039548302], [0.24523433290002153, -0.30471888171973066], [0.09999999891371322, -0.10000000116823182]], [[0.09999999891371322, 0.10000000116823182], [0.2084431642825528, 0.3026900111699298], [0.37246806531761517, 0.3803940653129284], [0.6048857076611569, 0.28555900094698483], [0.7253600034575982, 0.10119676474753653], [0.7253599585720618, -0.10119696120916645], [0.6629695172025547, -0.18788488311124008], [0.37246806539429855, -0.3803940653280628], [0.15477471850739208, -0.2943669310922131], [0.09999999891371322, -0.10000000116823182]], [[0.09999999891371322, 0.10000000116823182], [0.27552777463822475, 0.30468710599386384], [0.5684783509013003, 0.2331722316936649], [0.6629695052642302, 0.1878849078501513], [0.7359950237479047, 0.02651519861578267], [0.7359949884349082, -0.0265152063457434], [0.6966716023873628, -0.10292016107763788], [0.4705179124131445, -0.3250951039548302], [0.2755271667100241, -0.30468701831368805], [0.09999999891371322, -0.10000000116823182]], [[0.09999999891371322, 0.10000000116823182], [0.14510327632728062, 0.2900480093633463], [0.355914892316618, 0.38223971997676276], [0.5869150974206513, 0.30620353488786267], [0.7224432166383151, 0.1141738356453256], [0.722443119039449, -0.11417426053705398], [0.6629695172025547, -0.18788488311124008], [0.3559146748345981, -0.38223980293252136], [0.14510318816367826, -0.29004799276521986], [0.09999999891371322, -0.10000000116823182]], [[0.09999999891371322, 0.10000000116823182], [0.20763321161659495, 0.3027607063139545], [0.4705179120981543, 0.32509510398867525], [0.6622798831443522, 0.18931536544597152], [0.7325662115606582, 0.057550669470876406], [0.7326687828621035, -0.05677011511941731], [0.6622801558948767, -0.18931476415552223], [0.4705179121656344, -0.3250951039829068], [0.20763333474140433, -0.3027606383842356], [0.09999999891371322, -0.10000000116823182]], [[0.09999999891371322, 0.10000000116823182], [0.20766384039996252, 0.3027580947972758], [0.4705179123695937, 0.3250951039580767], [0.662306338519228, 0.18926063812263788], [0.7325701576078089, 0.057520753853275035], [0.7326687828621035, -0.05677011511941731], [0.6629695172025547, -0.18788488311124008], [0.4705179121816777, -0.325095103979883], [0.20766384047770406, -0.302758094746971], [0.09999999891371322, -0.10000000116823182]], [[0.09999999891371322, 0.10000000116823182], [0.2084431642825528, 0.3026900111699298], [0.4705179122164364, 0.32509510397279723], [0.6625012680812076, 0.18885708229543924], [0.7325992187291673, 0.05730022130215369], [0.7325992174217693, -0.05730020019001519], [0.6625012659726601, -0.18885707336438023], [0.4705179124131445, -0.3250951039548302], [0.20789223273623406, -0.30273818179362394], [0.09999999891371322, -0.10000000116823182]], [[0.09999999891371322, 0.10000000116823182], [0.20805723006325919, 0.30272387543525836], [0.470517912286307, 0.3250951039652621], [0.6626418473644371, 0.18856562925576958], [0.7326687746104539, 0.056770179407001235], [0.7326202569714726, -0.057140320870979165], [0.6629695172025547, -0.18788488311124008], [0.4705179123489818, -0.32509510395888724], [0.20805723016002114, -0.3027238753993439], [0.09999999891371322, -0.10000000116823182]], [[0.09999999891371322, 0.10000000116823182], [0.20816990431916177, 0.3027140146458309], [0.4705179123193319, 0.3250951039619986], [0.6629695052642302, 0.1878849078501513], [0.7326343860111083, 0.05703262348988572], [0.7326687828621035, -0.05677011511941731], [0.6627378975479133, -0.18836629369713465], [0.47051791237214097, -0.3250951039565765], [0.20816990440684421, -0.3027140146012822], [0.09999999891371322, -0.10000000116823182]], [[0.09999999891371322, 0.10000000116823182], [0.2084431642825528, 0.3026900111699298], [0.47051791232937684, 0.3250951039612834], [0.662805530537758, 0.18822586217452197], [0.7326687746104539, 0.056770179407001235], [0.7326444521363995, -0.05695596894833487], [0.6628055096134198, -0.18822594615256533], [0.4705179123790376, -0.3250951039561582], [0.2082496664708619, -0.30270701049240817], [0.09999999891371322, -0.10000000116823182]], [[0.09999999891371322, 0.10000000116823182], [0.2084431642825528, 0.3026900111699298], [0.47051791234165874, 0.3250951039602746], [0.6628611239290596, 0.18811050377014443], [0.732652706521981, 0.056892977448086975], [0.7326687828621035, -0.05677011511941731], [0.662861135838826, -0.18811047911577183], [0.470517912389167, -0.32509510395534497], [0.20831504617040839, -0.3027012260878085], [0.09999999891371322, -0.10000000116823182]], [[0.09999999891371322, 0.10000000116823182], [0.20835827398161796, 0.3026974577356828], [0.47051791235141344, 0.3250951039594329], [0.6628973284787977, 0.18803511306926757], [0.7326580563840489, 0.05685217140651229], [0.7326581865662634, -0.0568509565385011], [0.6629695172025547, -0.18788488311124008], [0.4705179124131445, -0.3250951039548302], [0.20835827407798163, -0.30269745769339124], [0.09999999891371322, -0.10000000116823182]], [[0.09999999891371322, 0.10000000116823182], [0.20837967067068586, 0.3026956225196058], [0.470517912356708, 0.3250951039589727], [0.662915967414479, 0.18799631763085936], [0.73266081153764, 0.056831061696760624], [0.7326687828621035, -0.05677011511941731], [0.6629160781345338, -0.1879960725146924], [0.4705179124024664, -0.3250951039541962], [0.20837979583444435, -0.3026955529099187], [0.09999999891371322, -0.10000000116823182]], [[0.09999999891371322, 0.10000000116823182], [0.2084431642825528, 0.3026900111699298], [0.47051791235730117, 0.3250951039589197], [0.6629695052642302, 0.1878849078501513], [0.7326611268277599, 0.056828679829843], [0.7326611302831707, -0.05682863704219683], [0.6629178432593372, -0.18799255958408187], [0.4705179124029945, -0.32509510395414953], [0.20838198402819424, -0.3026954439813959], 