{"weights": [[0.18034122640801797, 1.1164409733435665], [0.5750507264819511, 1.210057471312557], [0.6891173222642983, 1.543940774792885], [0.6891173222642983, 1.543940774792885], [0.8129730114158242, 1.5751748729304742], [0.8534308068961067, 1.5751748729304742], [0.8980179864196494, 1.5763007163249512], [0.9279684116051001, 1.580388842813512], [0.9549180491252045, 1.644753020293921], [0.9790213626897462, 1.6198064956107023], [0.9891963121427345, 1.6088537368373799], [0.9958765883106722, 1.6039040675439158], [0.9968746648242721, 1.6039040675439158], [0.999535824716336, 1.6057503046032258], [0.9997635171697468, 1.6057503046032258], [0.9999365208443365, 1.6057503046032258], [1.0008230613583535, 1.6029326292837691], [1.001207147955249, 1.6015015645415018], [1.0007090256705347, 1.6005870939231532], [1.0004186065767584, 1.6003368104597406], [1.0003036715040068, 1.6000375049595847], [1.000241688635949, 1.6000375049595847], [1.000116600278492, 1.6000375049595847], [1.0001020074163556, 1.6000375049595847], [1.0000631616366604, 1.6000375049595847], [1.0000310989389831, 1.599994128951518], [1.0000146878469174, 1.5999760362455029], [1.0000072518858403, 1.5999760362455029], [1.0000033474999945, 1.5999884161169322], [1.0000003202806518, 1.5999887817609029]], "waypts": [[[0.09999999891371322, 0.10000000116823182], [0.23061703071635573, 0.32678631976829764], [0.3046115608202414, 0.4015406701178819], [0.5471966489994499, 0.3529298420749152], [0.7163055622030421, 0.14027385621360333], [0.699583450068309, 0.09698047856955577], [0.5471966490051614, -0.3529298420725657], [0.3046115608919441, -0.4015406701477524], [0.12372431008868359, -0.2855782031704298], [0.09999999891371322, -0.10000000116823182]], [[0.09999999891371322, 0.10000000116823182], [0.12107553380923267, 0.3215564341926322], [0.30570088644168447, 0.4611957184709965], [0.676760713862382, 0.2256771090903283], [0.6584727614107717, 0.3278100517172483], [0.674837107649243, 0.1670843057222593], [0.5759586298456653, 0.03196612540204771], [0.3980408265517327, -0.10702047942049828], [0.23492597969694518, -0.1303927814513616], [0.09999999891371322, -0.10000000116823182]], [[0.09999999891371322, 0.10000000116823182], [0.17833054920837382, 0.32548189057096477], [0.4306349279689641, 0.39553861335702956], [0.6268754962702459, 0.3193123525017055], [0.724730075771416, 0.14418194485310062], [0.6911303199521921, 0.12597114835744266], [0.5965194188742706, 0.06163563205033609], [0.46357706223801504, -0.02922177128274825], [0.23492597969694518, -0.1303927814513616], [0.09999999891371322, -0.10000000116823182]], [[0.09999999891371322, 0.10000000116823182], [0.19556105396356738, 0.32826829741047525], [0.4639773518487589, 0.3756744836557704], [0.6516152728770734, 0.2816045962754167], [0.7173183125841662, 0.17452987843102477], [0.6919864990843467, 0.0929337408998925], [0.5907135405445021, 0.03484975402804033], [0.4239164278705543, -0.04930957709772532], [0.21265876948864076, -0.11858332430236365], [0.09999999891371322, -0.10000000116823182]], [[0.09999999891371322, 0.10000000116823182], [0.19556105396356738, 0.32826829741047525], [0.4639773518487589, 0.3756744836557704], [0.6516152728770734, 0.2816045962754167], [0.7173183125841662, 0.17452987843102477], [0.6919864990843467, 0.0929337408998925], [0.5907135405445021, 0.03484975402804033], [0.46357706223801504, -0.02922177128274825], [0.23492597969694518, -0.1303927814513616], [0.09999999891371322, -0.10000000116823182]], [[0.09999999891371322, 0.10000000116823182], [0.23061703071635573, 0.32678631976829764], [0.486775668559702, 0.35713024843817565], [0.6637747704524227, 0.25718437469518857], [0.7212050440223401, 0.15882012700888115], [0.6943574495172113, 0.08675922423993779], [0.5922418770859769, 0.017734255820067657], [0.43951655526159134, -0.0567726743885118], [0.2185004517741676, -0.1295538753837434], [0.09999999891371322, -0.10000000116823182]], [[0.09999999891371322, 0.10000000116823182], [0.214821266883922, 0.32796687664307245], [0.4931326901895971, 0.35110818032021573], [0.676760713862382, 0.2256771090903283], [0.7220657374676871, 0.1554524848462482], [0.69572847135626, 0.08915290475642744], [0.5966680186686942, 0.024509220075444565], [0.44581575405248064, -0.048515488428138936], [0.23492597969694518, -0.1303927814513616], [0.09999999891371322, -0.10000000116823182]], [[0.09999999891371322, 0.10000000116823182], [0.21965605992616274, 0.32755886348871505], [0.4998859073464973, 0.34458405660461905], [0.676760713862382, 0.2256771090903283], [0.7229489333889838, 0.1518840693454173], [0.6971315936864222, 0.09170166346383081], [0.6012252467137692, 0.031874566241065244], [0.45206378620378146, -0.04204445581161087], [0.23492597969694518, -0.1303927814513616], [0.09999999891371322, -0.10000000116823182]], [[0.09999999891371322, 0.10000000116823182], [0.22289035877340135, 0.3273131470934481], [0.5043193544367605, 0.3402866196230059], [0.6720720030990504, 0.23722857673463654], [0.7235055695341309, 0.14954954520312255], [0.6979507135671209, 0.09331795213263747], [0.6039290333639127, 0.036707941291128005], [0.46357706223801504, -0.02922177128274825], [0.23492597969694518, -0.1303927814513616], [0.09999999891371322, -0.10000000116823182]], [[0.09999999891371322, 0.10000000116823182], [0.22614379289612382, 0.3277255099124171], [0.5146278372188993, 0.3302163650995482], [0.6745956887088465, 0.23276060056275988], [0.7239799694181579, 0.14697213264779613], [0.697216136609138, 0.0934949124766404], [0.6022028068858816, 0.039311989411959514], [0.4537085872355933, -0.034982857449845806], [0.23492597969694518, -0.1303927814513616], [0.09999999891371322, -0.10000000116823182]], [[0.09999999891371322, 0.10000000116823182], [0.23061703071635573, 0.32678631976829764], [0.5120734725091977, 0.33328527726488916], [0.6757538265831294, 0.22895462837356373], [0.724385456550258, 0.14550138088458128], [0.6985267490322684, 0.09543362078578425], [0.6062022695483711, 0.044059098763762045], [0.4591173796030173, -0.03191120243856008], [0.23492597969694518, -0.1303927814513616], [0.09999999891371322, -0.10000000116823182]], [[0.09999999891371322, 0.10000000116823182], [0.2295371708047553, 0.32699027014024024], [0.5146278372188993, 0.3302163650995482], [0.676760713862382, 0.2256771090903283], [0.7245536762323319, 0.14487427945431725], [0.699074738376902, 0.0962214828243963], [0.6078727266189001, 0.04603525024920105], [0.46140703932572336, -0.030607286692485303], [0.23492597969694518, -0.1303927814513616], [0.09999999891371322, -0.10000000116823182]], [[0.09999999891371322, 0.10000000116823182], [0.23020819889756175, 0.32686938270706173], [0.5146278372188993, 0.3302163650995482], [0.6765646214854677, 0.22631866212573895], [0.7246628258207561, 0.14444323575843138], [0.6993782823620195, 0.0966844546528331], [0.6088095964722063, 0.04725977137208867], [0.4627056455033762, -0.02975123415243794], [0.2343336619676341, -0.13008949345806448], [0.09999999891371322, -0.10000000116823182]], [[0.09999999891371322, 0.10000000116823182], [0.2303127180478331, 0.32685894642455293], [0.5142634171858481, 0.3306782213592185], [0.6766232183862944, 0.22616311434408704], [0.724730075771416, 0.14418194485310062], [0.6994064272919723, 0.09673911092464098], [0.6094376574189622, 0.048033133753287105], [0.46357706223801504, -0.02922177128274825], [0.23442671839665857, -0.13010210269047656], [0.09999999891371322, -0.10000000116823182]], [[0.09999999891371322, 0.10000000116823182], [0.23060200301105502, 0.32684966059469567], [0.5146479873621701, 0.33031830664102363], [0.676760713862382, 0.2256771090903283], [0.724730075771416, 0.14418194485310062], [0.699583450068309, 0.09698047856955577], [0.609025180117161, 0.047813342728139224], [0.46301976909637793, -0.02928112385807541], [0.23457803195759125, -0.1300158658157442], [0.09999999891371322, -0.10000000116823182]], [[0.09999999891371322, 0.10000000116823182], [0.23062609275732382, 0.32684731905986125], [0.5146278372188993, 0.3302163650995482], [0.6768140414955964, 0.2257125687561469], 