{"weights": [[0.4034373556645896, 1.1164409733435665], [0.5351453316372208, 1.6925052386408743], [0.7812660042417896, 1.6720491249005764], [0.7906209219159344, 1.6720491249005764], [0.8282359608718686, 1.6720491249005764], [0.8738088119219043, 1.6214045205345187], [0.9255039791687274, 1.4655060851248698], [0.9255263047065938, 1.5297184259028187], [0.93463013105006, 1.5602130230025653], [0.9387271435234652, 1.5602130230025653], [0.9787599611853075, 1.5602130230025653], [0.9778314024702439, 1.5995084062888725], [0.9858012770274769, 1.5984532594418361], [0.9931442821359546, 1.5984532594418361], [0.9948724085801892, 1.603893678721425], [0.998193876136682, 1.6025090364357628], [1.000097036225963, 1.6035520286115017], [1.0008417123322673, 1.6031703179593801], [1.0003534433689651, 1.6031703179593801], [1.0004002496112463, 1.603157877074545], [1.0006442055763038, 1.602618546798908], [1.00063557559794, 1.6013717398036955], [1.0006768038435077, 1.6013402031526254], [1.0007131510593723, 1.6007868294218128], [1.0006908002124106, 1.6007868294218128], [1.0006252749597166, 1.6002671035124907], [1.0004916575560934, 1.6002671035124907], [1.0002243872859395, 1.600161735149837], [1.000168100206455, 1.5999382318273074], [1.0000815193547083, 1.5999749106663548], [1.0000618491008488, 1.5999749106663548], [1.000043060249169, 1.5999749106663548], [1.0000386826455312, 1.5999749106663548], [1.000024679958834, 1.5999902911487358], [1.0000139041921443, 1.599989290519591], [1.0000109595067315, 1.599989290519591], [1.0000036379427897, 1.5999882209964364], [1.0000003260208388, 1.5999877424153346]], "waypts": [[[0.09999999891371322, 0.10000000116823182], [0.12372430537760934, 0.2855781916882524], [0.5146278372188993, 0.3302163650995482], [0.5471966489994499, 0.3529298420749152], [0.724730075771416, 0.14418194485310062], [0.699583450068309, 0.09698047856955577], [0.5471966490051614, -0.3529298420725657], [0.3046115608919441, -0.4015406701477524], [0.12372431008868359, -0.2855782031704298], [0.09999999891371322, -0.10000000116823182]], [[0.09999999891371322, 0.10000000116823182], [0.15819728860564397, 0.32394133387118174], [0.3938049867761078, 0.4180613227664694], [0.6057125250820985, 0.35130171742971666], [0.724730075771416, 0.14418194485310062], [0.6913153578405421, 0.0962520201976353], [0.5867307168905321, 0.0028646742085988997], [0.46357706223801504, -0.02922177128274825], [0.2106164904487451, -0.15708282437651233], [0.09999999891371322, -0.10000000116823182]], [[0.09999999891371322, 0.10000000116823182], [0.23061703071635573, 0.32678631976829764], [0.42056278596396246, 0.4101577770361242], [0.6178937351206112, 0.3420291416389551], [0.724730075771416, 0.14418194485310062], [0.6766427275938361, 0.15059971024547592], [0.6094376574189622, 0.048033133753287105], [0.40403196958071597, -0.020909774686211247], [0.1944934160437239, -0.09530602638815466], [0.09999999891371322, -0.10000000116823182]], [[0.09999999891371322, 0.10000000116823182], [0.20706650062024337, 0.3293786456758235], [0.4822479918041451, 0.36277507916742174], [0.6616436927326751, 0.26389496682062885], [0.724730075771416, 0.14418194485310062], [0.6913034963949172, 0.08646500304731107], [0.5843896028720728, 0.016117729933445457], [0.4291270683160909, -0.05510262713252792], [0.2129074584273503, -0.12187442925849734], [0.09999999891371322, -0.10000000116823182]], [[0.09999999891371322, 0.10000000116823182], [0.20810850357364039, 0.32929044614685665], [0.4837861888084436, 0.36134902975362493], [0.676760713862382, 0.2256771090903283], [0.724730075771416, 0.14418194485310062], [0.6916526977436814, 0.08702057581524977], [0.5854804287599755, 0.01767698664539291], [0.4306300030934899, -0.05323592783683001], [0.21380990099110223, -0.12197474775230899], [0.09999999891371322, -0.10000000116823182]], [[0.09999999891371322, 0.10000000116823182], [0.21269318737731369, 0.3293382093234116], [0.49088947920917214, 0.35551808124356854], [0.6663896784272079, 0.25408442655447283], [0.724730075771416, 0.14418194485310062], [0.6922657955250296, 0.08484753511833035], [0.5866154528447227, 0.016948993796001538], [0.43307777799159425, -0.05243409450121647], [0.23492597969694518, -0.1303927814513616], [0.09999999891371322, -0.10000000116823182]], [[0.09999999891371322, 0.10000000116823182], [0.21667783677822072, 0.32779746950291777], [0.4962801628355329, 0.3483213072498698], [0.6683096997736258, 0.2467800718779387], [0.7214279340956383, 0.1584725078518934], [0.6952760179247872, 0.10697876343994743], [0.6094376574189622, 0.048033133753287105], [0.46357706223801504, -0.02922177128274825], [0.22254843687716558, -0.1127598432639506], [0.09999999891371322, -0.10000000116823182]], [[0.09999999891371322, 0.10000000116823182], [0.22195895565784945, 0.3260807273203773], [0.5022330258723283, 0.3397890706891146], [0.670490874819748, 0.23758438662092538], [0.7234873198316706, 0.15046157144129718], [0.7006538319866823, 0.09501407065945687], [0.6113978751810166, 0.0387082594090451], [0.4655739436025361, -0.03940826786195292], [0.23492597969694518, -0.1303927814513616], [0.09999999891371322, -0.10000000116823182]], [[0.09999999891371322, 0.10000000116823182], [0.22232887584416378, 0.3267846053394628], [0.5031924521425373, 0.3402770872687013], [0.6712749218111682, 0.23764691403394297], [0.724730075771416, 0.14418194485310062], [0.6991070447889747, 0.09411448093864135], [0.6071242095032224, 0.03753781251823621], [0.45993825968583885, -0.038862461840235674], [0.23492597969694518, -0.1303927814513616], [0.09999999891371322, -0.10000000116823182]], [[0.09999999891371322, 0.10000000116823182], [0.22348045104000236, 0.32702970594459346], [0.5049672713176392, 0.3391912352706628], [0.6722531843173197, 0.2361399227553241], [0.724730075771416, 0.14418194485310062], [0.699583450068309, 0.09698047856955577], [0.6059424154162762, 0.03831718648232743], [0.4584609816952464, -0.03758080569043348], [0.23091099267676596, -0.13210882179117633], [0.09999999891371322, -0.10000000116823182]], [[0.09999999891371322, 0.10000000116823182], [0.23061703071635573, 0.32678631976829764], [0.5146278372188993, 0.3302163650995482], [0.676760713862382, 0.2256771090903283], [0.7237008977892224, 0.14889997590401804], [0.6987583218835157, 0.0943018637504576], [0.6063352265267804, 0.038987528354069434], [0.45900820090269684, -0.03706806181097272], [0.2312921547611299, -0.13217034844595382], [0.09999999891371322, -0.10000000116823182]], [[0.09999999891371322, 0.10000000116823182], [0.22815581613821098, 0.32659497469239146], [0.5111640417713842, 0.33292917695960655], [0.6750303901034012, 0.22900554454147531], [0.724730075771416, 0.14418194485310062], [0.6999040591113806, 0.09647699270143012], [0.6100721134517293, 0.045508819146107465], [0.46357706223801504, -0.02922177128274825], [0.23492597969694518, -0.1303927814513616], [0.09999999891371322, -0.10000000116823182]], [[0.09999999891371322, 0.10000000116823182], [0.22828799063785102, 0.32701251218190547], [0.5116104935912887, 0.33332240294522647], [0.676760713862382, 0.2256771090903283], [0.7243684623679132, 0.14574465662451974], [0.699583450068309, 0.09698047856955577], [0.6074249137918917, 0.04440963854970534], [0.4607333951667016, -0.03205743092591737], [0.23492597969694518, -0.1303927814513616], [0.09999999891371322, -0.10000000116823182]], [[0.09999999891371322, 0.10000000116823182], [0.23061703071635573, 0.32678631976829764], [0.5146278372188993, 0.3302163650995482], [0.675904386234558, 0.22789735824180213], [0.724730075771416, 0.14418194485310062], [0.6992182033285366, 0.09622045369191806], [0.6082355319259299, 0.045746858032994636], [0.46186823702731766, -0.03104175104968021], [0.2336801956646522, -0.1303130745586073], [0.09999999891371322, -0.10000000116823182]], [[0.09999999891371322, 0.10000000116823182], [0.22988990802733522, 0.3268423274820257], [0.5136806820077765, 0.3311650933770832], [0.6763401098864924, 0.22674604417278615], [0.724730075771416, 0.14418194485310062], [0.6994261527742935, 0.0966292353922424], [0.6089114461251526, 