{"weights": [[0.0, 1.8389928987504423], [0.0, 1.7130193912627996], [0.0, 1.7130193912627996], [0.0, 1.7130193912627996], [0.0, 1.7130193912627996], [0.0, 1.608490455629313], [0.0, 1.6032417419262006], [0.0, 1.5997712806564004], [0.0, 1.5997712806564004], [0.0, 1.5999132595199106], [0.0, 1.59995119075142], [0.0, 1.599975690571684], [0.0, 1.5999858991402582], [0.0, 1.5999858991402582], [0.0, 1.599987016862372], [0.0, 1.5999906954223582], [0.0, 1.5999929619369058]], "waypts": [[[0.09999999891371322, 0.10000000116823182], [0.0820905422677892, 0.32390840255587106], [0.3046115608202414, 0.4015406701178819], [0.5471966489994499, 0.3529298420749152], [0.5680367833341262, 0.45904394887062305], [0.7163055622030463, -0.1402738562136079], [0.5471966490051614, -0.3529298420725657], [0.3046115608919441, -0.4015406701477524], [0.1693839196573221, -0.07119028803863985], [0.09999999891371322, -0.10000000116823182]], [[0.09999999891371322, 0.10000000116823182], [0.0820905422677892, 0.32390840255587106], [0.20973684202325116, 0.505090439345087], [0.41006552167496363, 0.5502224757325891], [0.5776794314015707, 0.4465911262676732], [0.6221544221569885, 0.2530587773415041], [0.5303595081601039, 0.0903742078178634], [0.33835306028611395, -0.043687140109935296], [0.15642030438116508, -0.04031311693963591], [0.09999999891371322, -0.10000000116823182]], [[0.09999999891371322, 0.10000000116823182], [0.08149488072862729, 0.326942544641625], [0.2034003413923004, 0.5061482877403485], [0.39960547107198746, 0.5562435777922854], [0.5680367833341262, 0.45904394887062305], [0.62280001984044, 0.27246317212848553], [0.5153778054663456, 0.09111126433943412], [0.31580830886747985, -0.03017101978844744], [0.15789019038811983, -0.04546579180642206], [0.09999999891371322, -0.10000000116823182]], [[0.09999999891371322, 0.10000000116823182], [0.08149488072862729, 0.326942544641625], [0.20301071482614721, 0.5015677449070282], [0.3986437069516205, 0.5527953878438062], [0.5667855844923704, 0.45963242711423125], [0.6156772108233577, 0.2712097806574593], [0.5153778054663456, 0.09111126433943412], [0.31580830886747985, -0.03017101978844744], [0.15789019038811983, -0.04546579180642206], [0.09999999891371322, -0.10000000116823182]], [[0.09999999891371322, 0.10000000116823182], [0.0820905422677892, 0.32390840255587106], [0.20301071482614721, 0.5015677449070282], [0.3986437069516205, 0.5527953878438062], [0.5667855844923704, 0.45963242711423125], [0.6156772108233577, 0.2712097806574593], [0.5153778054663456, 0.09111126433943412], [0.31580830886747985, -0.03017101978844744], [0.15789019038811983, -0.04546579180642206], [0.09999999891371322, -0.10000000116823182]], [[0.09999999891371322, 0.10000000116823182], [0.08149488072862729, 0.326942544641625], [0.20301071482614721, 0.5015677449070282], [0.39960547107198746, 0.5562435777922854], [0.5680367833341262, 0.45904394887062305], [0.6156772108233577, 0.2712097806574593], [0.5153778054663456, 0.09111126433943412], [0.33835306028611395, -0.043687140109935296], [0.15789019038811983, -0.04546579180642206], [0.09999999891371322, -0.10000000116823182]], [[0.09999999891371322, 0.10000000116823182], [0.08201842044166888, 0.3239748423446719], [0.2028305483784237, 0.5017175147029054], [0.3986437069516205, 0.5527953878438062], [0.5680367833341262, 0.45904394887062305], [0.6224109234852199, 0.27298554509173706], [0.5299729277671444, 0.09093897617970295], [0.33785236112402545, -0.04320969418954529], [0.1693839196573221, -0.07119028803863985], [0.09999999891371322, -0.10000000116823182]], [[0.09999999891371322, 0.10000000116823182], [0.08206268343423531, 0.3239335018366686], [0.20294069427368386, 0.5016248422761906], [0.3986437069516205, 0.5527953878438062], [0.5678950235038858, 0.45920229857074824], [0.6226506315219569, 0.27266629458007374], [0.5302129123855802, 0.09059337168319997], [0.33835306028611395, -0.043687140109935296], [0.1693839196573221, -0.07119028803863985], [0.09999999891371322, -0.10000000116823182]], [[0.09999999891371322, 0.10000000116823182], [0.0820905422677892, 0.32390840255587106], [0.2030149602461397, 0.5015636372407302], [0.3986505263914527, 0.5527885670633559], [0.5680456323159191, 0.45903413942313687], [0.6228100944009823, 0.2724508567876258], [0.5303704344852894, 0.09036065400063606], [0.3383674197160524, -0.043699661535547496], [0.1693905592066439, -0.07120904552956878], [0.09999999891371322, -0.10000000116823182]], [[0.09999999891371322, 0.10000000116823182], [0.0820905422677892, 0.32390840255587106], [0.2030149602461397, 0.5015636372407302], [0.3986505263914527, 0.5527885670633559], [0.5680456323159191, 0.45903413942313687], [0.6228100944009823, 0.2724508567876258], [0.5303704344852894, 0.09036065400063606], [0.3383674197160524, -0.043699661535547496], [0.1693839196573221, -0.07119028803863985], [0.09999999891371322, -0.10000000116823182]], [[0.09999999891371322, 0.10000000116823182], [0.08209121914046494, 0.3239076856344627], [0.20301233500879579, 0.5015662125888923], [0.3986463120388061, 0.5527928141735768], [0.5680367833341262, 0.45904394887062305], [0.62280001984044, 0.27246317212848553], [0.5303635663895294, 0.090369049598261], [0.33835306028611395, -0.043687140109935296], [0.16938638338289827, -0.07119732250249759], [0.09999999891371322, -0.10000000116823182]], [[0.09999999891371322, 0.10000000116823182], [0.08209087806281437, 0.32390799657255676], [0.20301148050704312, 0.5015669166420486], [0.3986437069516205, 0.5527953878438062], [0.5680384138529532, 0.4590421518214953], [0.6228019749740759, 0.2724609515965624], [0.5303595081601039, 0.0903742078178634], [0.33835306028611395, -0.043687140109935296], [0.16938530006479127, -0.0711942064027773], [0.09999999891371322, -0.10000000116823182]], [[0.09999999891371322, 0.10000000116823182], [0.0820905422677892, 0.32390840255587106], [0.20301105441364953, 0.5015673111155142], [0.39864424475467897, 0.5527947548071914], [0.5680375327475629, 0.4590431306612913], [0.6228009919306488, 0.2724621877256685], [0.530360715128659, 0.0903730811757045], [0.33835306028611395, -0.043687140109935296], [0.16938465391077914, -0.07119229017058167], [0.09999999891371322, -0.10000000116823182]], [[0.09999999891371322, 0.10000000116823182], [0.08209064082821513, 0.3239082809042882], [0.20301071482614721, 0.5015677449070282], [0.39864406267081326, 0.552795004163277], [0.5680372600380058, 0.45904342411141763], [0.6228005974302993, 0.2724625258742406], [0.530360179360476, 0.09037348389018793], [0.3383539679902125, -0.043687926473989225], [0.16938436075178256, -0.07119150131800535], [0.09999999891371322, -0.10000000116823182]], [[0.09999999891371322, 0.10000000116823182], [0.0820905422677892, 0.32390840255587106], [0.2030109376792853, 0.5015674984311034], [0.3986437069516205, 0.5527953878438062], [0.5680372600380058, 0.45904342411141763], [0.6228005974302993, 0.2724625258742406], [0.5303595081601039, 0.0903742078178634], [0.3383539679902125, -0.043687926473989225], [0.16938436075178256, -0.07119150131800535], [0.09999999891371322, -0.10000000116823182]], [[0.09999999891371322, 0.10000000116823182], [0.08209089343833345, 0.3239085678720448], [0.20301196206233135, 0.5015676768712944], [0.3986437069516205, 0.5527953878438062], [0.5680367833341262, 0.45904394887062305], [0.6228011807830839, 0.2724595468869835], [0.5303595081601039, 0.0903742078178634], [0.3383522786431755, -0.043688794858307844], [0.16938387740357017, -0.07119123023734365], [0.09999999891371322, -0.10000000116823182]], [[0.09999999891371322, 0.10000000116823182], [0.0820905422677892, 0.32390840255587106], [0.20301052232422678, 0.5015675355156156], [0.39864336885936114, 0.5527953682874002], [0.5680365384504397, 0.45904426742272986], [0.6228001880167591, 0.2724637330617058], [0.5303602646443404, 0.09037466256795315], [0.33835306028611395, -0.043687140109935296], [0.1693843361974857, -0.07119112264343387], [0.09999999891371322, -0.10000000116823182]], [[0.09999999891371322, 0.10000000116823182], [0.0820905216761392, 0.32390823515978173], [0.20301052232422678,